篇号,标题,分册,原文段,白话段,差值
"jx-047","47、复顾显微居士书","白话精选读本","31","32","1"
"jx-050","50、复周孟由昆弟书","白话精选读本","41","42","1"
"jx-052","52、诫吾乡初发心学佛者书","白话精选读本","51","52","1"
"jx-055","55、复善觉大师书（民国二十九年二月 附来书）","白话精选读本","14","12","-2"
"jx-059","59、复念佛居士书","白话精选读本","15","14","-1"
"jx-067","67、挽回劫运护国救民正本清源论","白话精选读本","27","32","5"
"jx-081","81、为在家弟子略说三归五戒十善义","白话精选读本","49","48","-1"
"jx-089","89、净土法门说要（王求是，龚云伯记）","白话精选读本","46","45","-1"
"jx-097","选编说明","白话精选读本","29","19","-10"
"jy-001","印光法师语","嘉言录","1","0","-1"
"jy-005","《印光法师文钞》选读（附录于后）","嘉言录","1","0","-1"
"jy-024","八、释普通疑惑","嘉言录","105","104","-1"
"jy-031","修订说明","嘉言录","6","0","-6"
"jy-032","东林佛号曲谱","嘉言录","6","0","-6"
"jy-033","念佛的心态与音声","嘉言录","15","0","-15"
"jy-034","回向偈","嘉言录","1","0","-1"
"sb1-001","前言","三编 · 上册","0","3","3"
"sb1-002","缘起","三编 · 上册","1","47","46"
"sb1-004","附记","三编 · 上册","3","1","-2"
"sb1-143","复宁德晋居士书二","三编 · 上册","20","19","-1"
"sb1-223","复周伯遒居士书二十","三编 · 上册","2","7","5"
"sb1-224","复周伯遒居士书廿一","三编 · 上册","7","6","-1"
"sb1-251","复谢慧霖居士书二十四","三编 · 上册","13","15","2"
"sb1-266","复张曙蕉居士书五","三编 · 上册","6","5","-1"
"sb1-268","复张曙蕉居士书七","三编 · 上册","12","11","-1"
"sb1-363","复念佛居士书","三编 · 上册","15","14","-1"
"sb1-387","复叶沚芬居士书一","三编 · 上册","14","15","1"
"sb1-399","复方圣照居士书七","三编 · 上册","4","5","1"
"sb2-034","复温光熹居士书十","三编 · 下册","22","23","1"
"sb2-042","复江易园居士书五","三编 · 下册","6","5","-1"
"sb2-072","复黄德炜居士书","三编 · 下册","7","9","2"
"sb2-165","与陈燮和居士书","三编 · 下册","7","8","1"
"sb2-267","彻悟禅师念佛伽陀教义百偈小序","三编 · 下册","2","102","100"
"sb2-300","观世音菩萨本迹感应颂题辞","三编 · 下册","17","15","-2"
"sb2-301","安士全书题辞","三编 · 下册","15","13","-2"
"sb2-317","净土法门说要（王求是，龚云伯记）","三编 · 下册","46","45","-1"
"sb2-334","摩利支天陀罗尼跋","三编 · 下册","4","3","-1"
"sb2-364","文疏","三编 · 下册","52","44","-8"
"sb2-365","上海护国息灾法会法语（邓慧载记录）","三编 · 下册","256","250","-6"
"sbu-001","前言","三编补","0","3","3"
"sbu-002","缘起","三编补","27","20","-7"
"sbu-004","与高鹤年居士书一","三编补","14","12","-2"
"sbu-131","募印观世音菩萨本迹感应颂说明及办法","三编补","15","13","-2"
"sbu-139","普陀山普济寺班禅设千僧斋上堂法语（代了信和尚撰）","三编补","9","5","-4"
"sbu-140","在南京佛教慈幼院开幕式上的报告（概要）","三编补","8","7","-1"
"sbu-141","世界佛教居士林观音成道日开示法语","三编补","27","21","-6"
"sbu-145","上堂法语（居普陀山时代友作，六十七篇，出自原三编手抄本）","三编补","21","48","27"
"sbu-146","沈荷生生西决疑（印光大师评 沈授人录）","三编补","12","6","-6"
"sbu-148","三转四谛法轮略释","三编补","20","18","-2"
"sbu-149","驳守培法师一心念佛即得往生论","三编补","10","8","-2"
"sbu-150","附 守培法师一心念佛即得往生论","三编补","16","14","-2"
"sbu-151","临终舟楫","三编补","1","28","27"
"sbu-152","灵岩山起建永年佛七助修大殿功德碑记","三编补","23","10","-13"
"sbu-153","龙寿庵捐资置田永供道粮功德碑记","三编补","7","5","-2"
"sbu-156","新建鼓山涌泉寺放生园碑记","三编补","1","22","21"
"sbu-158","印光法师文钞三版封二题辞","三编补","5","1","-4"
"sbu-170","朱母任太恭人生西颂","三编补","16","8","-8"
"sbu-172","寿康宝鉴回向颂","三编补","18","16","-2"
"sbu-173","整理僧伽委员会委员就职发愿文","三编补","20","12","-8"
"sbu-178","家堂佛前对联","三编补","4","0","-4"
"sbu-181","安徽马其昶之女听金刚经病愈坐脱记","三编补","4","6","2"
"sbu-182","蔚州僧莲某","三编补","6","5","-1"
"sbu-183","诵经止雹","三编补","4","2","-2"
"sbu-187","赠太虚法师诗二首","三编补","26","17","-9"
"xb1-001","前言","续编 · 上册","0","3","3"
"xb1-002","缘起","续编 · 上册","27","20","-7"
"xb1-008","诫吾乡初发心学佛者书","续编 · 上册","51","52","1"
"xb1-013","复周颂尧居士书（民国二十年　附原函）","续编 · 上册","22","20","-2"
"xb1-015","复许熙唐居士书（民国二十年）","续编 · 上册","24","27","3"
"xb1-073","复郑观净先生书（民国二十年 附原函）","续编 · 上册","10","8","-2"
"xb1-128","复宋德中居士问焚经功过书 （民国二十年　附原书）","续编 · 上册","14","12","-2"
"xb1-141","复张觉明居士书（二）（戊寅除日附来书）","续编 · 上册","25","23","-2"
"xb1-142","复某某夫妇书（二）（附第二次来书）","续编 · 上册","26","24","-2"
"xb1-143","与吴慧德女士书（民国二十八年　附宗绰来书）","续编 · 上册","11","9","-2"
"xb1-153","复善觉大师书（民国二十九年二月 附来书）","续编 · 上册","14","12","-2"
"xb1-160","复修净师书","续编 · 上册","18","16","-2"
"xb1-164","阿弥陀佛百颂（普陀三圣禅院逸人述）","续编 · 上册","100","15","-85"
"xb2-040","杨椒山先生言行录序（民二十年）","续编 · 下册","23","21","-2"
"xb2-091","灵岩山寺重修弥勒楼阁功德碑记（民国二十九年庚辰季夏）","续编 · 下册","17","16","-1"
"xb2-096","药师佛偈","续编 · 下册","4","3","-1"
"xb2-099","西方三圣像赞","续编 · 下册","2","1","-1"
"xb2-117","莲宗十二祖赞颂","续编 · 下册","72","60","-12"
"xb2-120","济公禅师像赞","续编 · 下册","2","1","-1"
"xb2-124","上海慈幼院新屋落成颂","续编 · 下册","10","13","3"
"xb2-127","沙公雪舫懿德颂（民二十二年）","续编 · 下册","4","7","3"
"xb2-133","齐庾南公暨金夫人百岁冥寿颂","续编 · 下册","8","7","-1"
"xb2-134","普为现在印送及永远流布文钞者回向颂（民十六年）","续编 · 下册","15","14","-1"
"xb2-151","普劝敬惜字纸及尊敬经书说（民二十四年）","续编 · 下册","14","15","1"
"zg1-001","前言","增广文钞 · 上册","0","8","8"
"zg1-002","缘起","增广文钞 · 上册","29","18","-11"
"zg1-010","与佛学报馆书（节录）","增广文钞 · 上册","34","36","2"
"zg1-058","拟答某居士书（附某居士原书）","增广文钞 · 上册","15","13","-2"
"zg1-085","复汪雨木居士书（附来书）","增广文钞 · 上册","18","16","-2"
"zg1-133","复顾显微居士书","增广文钞 · 上册","31","32","1"
"zg1-148","致陕西陈柏生督军书","增广文钞 · 上册","29","30","1"
"zg1-151","复徐（彦如，轶如）二居士书","增广文钞 · 上册","8","9","1"
"zg1-155","复王与楫居士书","增广文钞 · 上册","15","27","12"
"zg1-158","复黄涵之居士书二","增广文钞 · 上册","9","14","5"
"zg1-171","复周孟由昆弟书","增广文钞 · 上册","41","42","1"
"zg1-184","挽回劫运护国救民正本清源论","增广文钞 · 上册","27","32","5"
"zg2-140","乌尤山普同塔记","增广文钞 · 下册","8","9","1"
"zg2-190","为在家弟子略说三归五戒十善义","增广文钞 · 下册","49","48","-1"
"zg2-193","幽冥戒牒","增广文钞 · 下册","13","14","1"
"zg2-194","示陈生","增广文钞 · 下册","7","8","1"
"zg2-223","戒烟神方","增广文钞 · 下册","7","19","12"
"zg2-226","普劝发心印造经像文（弘一释演音示纲  弘实尤惜阴演译）","增广文钞 · 下册","106","112","6"